customer_id,pr_y
24002,0.5
24003,0.5
24004,0.5
24005,0.5
24006,0.5
24007,0.5
24008,0.5
24009,0.5
24010,0.5
24011,0.5
24012,0.5
24013,0.5
24014,0.5
24015,0.5
24016,0.5
24017,0.5
24018,0.5
24019,0.5
24020,0.5
24021,0.5
24022,0.5
24023,0.5
24024,0.5
24025,0.5
24026,0.5
24027,0.5
24028,0.5
24029,0.5
24030,0.5
24031,0.5
24032,0.5
24033,0.5
24034,0.5
24035,0.5
24036,0.5
24037,0.5
24038,0.5
24039,0.5
24040,0.5
24041,0.5
24042,0.5
24043,0.5
24044,0.5
24045,0.5
24046,0.5
24047,0.5
24048,0.5
24049,0.5
24050,0.5
24051,0.5
24052,0.5
24053,0.5
24054,0.5
24055,0.5
24056,0.5
24057,0.5
24058,0.5
24059,0.5
24060,0.5
24061,0.5
24062,0.5
24063,0.5
24064,0.5
24065,0.5
24066,0.5
24067,0.5
24068,0.5
24069,0.5
24070,0.5
24071,0.5
24072,0.5
24073,0.5
24074,0.5
24075,0.5
24076,0.5
24077,0.5
24078,0.5
24079,0.5
24080,0.5
24081,0.5
24082,0.5
24083,0.5
24084,0.5
24085,0.5
24086,0.5
24087,0.5
24088,0.5
24089,0.5
24090,0.5
24091,0.5
24092,0.5
24093,0.5
24094,0.5
24095,0.5
24096,0.5
24097,0.5
24098,0.5
24099,0.5
24100,0.5
24101,0.5
24102,0.5
24103,0.5
24104,0.5
24105,0.5
24106,0.5
24107,0.5
24108,0.5
24109,0.5
24110,0.5
24111,0.5
24112,0.5
24113,0.5
24114,0.5
24115,0.5
24116,0.5
24117,0.5
24118,0.5
24119,0.5
24120,0.5
24121,0.5
24122,0.5
24123,0.5
24124,0.5
24125,0.5
24126,0.5
24127,0.5
24128,0.5
24129,0.5
24130,0.5
24131,0.5
24132,0.5
24133,0.5
24134,0.5
24135,0.5
24136,0.5
24137,0.5
24138,0.5
24139,0.5
24140,0.5
24141,0.5
24142,0.5
24143,0.5
24144,0.5
24145,0.5
24146,0.5
24147,0.5
24148,0.5
24149,0.5
24150,0.5
24151,0.5
24152,0.5
24153,0.5
24154,0.5
24155,0.5
24156,0.5
24157,0.5
24158,0.5
24159,0.5
24160,0.5
24161,0.5
24162,0.5
24163,0.5
24164,0.5
24165,0.5
24166,0.5
24167,0.5
24168,0.5
24169,0.5
24170,0.5
24171,0.5
24172,0.5
24173,0.5
24174,0.5
24175,0.5
24176,0.5
24177,0.5
24178,0.5
24179,0.5
24180,0.5
24181,0.5
24182,0.5
24183,0.5
24184,0.5
24185,0.5
24186,0.5
24187,0.5
24188,0.5
24189,0.5
24190,0.5
24191,0.5
24192,0.5
24193,0.5
24194,0.5
24195,0.5
24196,0.5
24197,0.5
24198,0.5
24199,0.5
24200,0.5
24201,0.5
24202,0.5
24203,0.5
24204,0.5
24205,0.5
24206,0.5
24207,0.5
24208,0.5
24209,0.5
24210,0.5
24211,0.5
24212,0.5
24213,0.5
24214,0.5
24215,0.5
24216,0.5
24217,0.5
24218,0.5
24219,0.5
24220,0.5
24221,0.5
24222,0.5
24223,0.5
24224,0.5
24225,0.5
24226,0.5
24227,0.5
24228,0.5
24229,0.5
24230,0.5
24231,0.5
24232,0.5
24233,0.5
24234,0.5
24235,0.5
24236,0.5
24237,0.5
24238,0.5
24239,0.5
24240,0.5
24241,0.5
24242,0.5
24243,0.5
24244,0.5
24245,0.5
24246,0.5
24247,0.5
24248,0.5
24249,0.5
24250,0.5
24251,0.5
24252,0.5
24253,0.5
24254,0.5
24255,0.5
24256,0.5
24257,0.5
24258,0.5
24259,0.5
24260,0.5
24261,0.5
24262,0.5
24263,0.5
24264,0.5
24265,0.5
24266,0.5
24267,0.5
24268,0.5
24269,0.5
24270,0.5
24271,0.5
24272,0.5
24273,0.5
24274,0.5
24275,0.5
24276,0.5
24277,0.5
24278,0.5
24279,0.5
24280,0.5
24281,0.5
24282,0.5
24283,0.5
24284,0.5
24285,0.5
24286,0.5
24287,0.5
24288,0.5
24289,0.5
24290,0.5
24291,0.5
24292,0.5
24293,0.5
24294,0.5
24295,0.5
24296,0.5
24297,0.5
24298,0.5
24299,0.5
24300,0.5
24301,0.5
24302,0.5
24303,0.5
24304,0.5
24305,0.5
24306,0.5
24307,0.5
24308,0.5
24309,0.5
24310,0.5
24311,0.5
24312,0.5
24313,0.5
24314,0.5
24315,0.5
24316,0.5
24317,0.5
24318,0.5
24319,0.5
24320,0.5
24321,0.5
24322,0.5
24323,0.5
24324,0.5
24325,0.5
24326,0.5
24327,0.5
24328,0.5
24329,0.5
24330,0.5
24331,0.5
24332,0.5
24333,0.5
24334,0.5
24335,0.5
24336,0.5
24337,0.5
24338,0.5
24339,0.5
24340,0.5
24341,0.5
24342,0.5
24343,0.5
24344,0.5
24345,0.5
24346,0.5
24347,0.5
24348,0.5
24349,0.5
24350,0.5
24351,0.5
24352,0.5
24353,0.5
24354,0.5
24355,0.5
24356,0.5
24357,0.5
24358,0.5
24359,0.5
24360,0.5
24361,0.5
24362,0.5
24363,0.5
24364,0.5
24365,0.5
24366,0.5
24367,0.5
24368,0.5
24369,0.5
24370,0.5
24371,0.5
24372,0.5
24373,0.5
24374,0.5
24375,0.5
24376,0.5
24377,0.5
24378,0.5
24379,0.5
24380,0.5
24381,0.5
24382,0.5
24383,0.5
24384,0.5
24385,0.5
24386,0.5
24387,0.5
24388,0.5
24389,0.5
24390,0.5
24391,0.5
24392,0.5
24393,0.5
24394,0.5
24395,0.5
24396,0.5
24397,0.5
24398,0.5
24399,0.5
24400,0.5
24401,0.5
24402,0.5
24403,0.5
24404,0.5
24405,0.5
24406,0.5
24407,0.5
24408,0.5
24409,0.5
24410,0.5
24411,0.5
24412,0.5
24413,0.5
24414,0.5
24415,0.5
24416,0.5
24417,0.5
24418,0.5
24419,0.5
24420,0.5
24421,0.5
24422,0.5
24423,0.5
24424,0.5
24425,0.5
24426,0.5
24427,0.5
24428,0.5
24429,0.5
24430,0.5
24431,0.5
24432,0.5
24433,0.5
24434,0.5
24435,0.5
24436,0.5
24437,0.5
24438,0.5
24439,0.5
24440,0.5
24441,0.5
24442,0.5
24443,0.5
24444,0.5
24445,0.5
24446,0.5
24447,0.5
24448,0.5
24449,0.5
24450,0.5
24451,0.5
24452,0.5
24453,0.5
24454,0.5
24455,0.5
24456,0.5
24457,0.5
24458,0.5
24459,0.5
24460,0.5
24461,0.5
24462,0.5
24463,0.5
24464,0.5
24465,0.5
24466,0.5
24467,0.5
24468,0.5
24469,0.5
24470,0.5
24471,0.5
24472,0.5
24473,0.5
24474,0.5
24475,0.5
24476,0.5
24477,0.5
24478,0.5
24479,0.5
24480,0.5
24481,0.5
24482,0.5
24483,0.5
24484,0.5
24485,0.5
24486,0.5
24487,0.5
24488,0.5
24489,0.5
24490,0.5
24491,0.5
24492,0.5
24493,0.5
24494,0.5
24495,0.5
24496,0.5
24497,0.5
24498,0.5
24499,0.5
24500,0.5
24501,0.5
24502,0.5
24503,0.5
24504,0.5
24505,0.5
24506,0.5
24507,0.5
24508,0.5
24509,0.5
24510,0.5
24511,0.5
24512,0.5
24513,0.5
24514,0.5
24515,0.5
24516,0.5
24517,0.5
24518,0.5
24519,0.5
24520,0.5
24521,0.5
24522,0.5
24523,0.5
24524,0.5
24525,0.5
24526,0.5
24527,0.5
24528,0.5
24529,0.5
24530,0.5
24531,0.5
24532,0.5
24533,0.5
24534,0.5
24535,0.5
24536,0.5
24537,0.5
24538,0.5
24539,0.5
24540,0.5
24541,0.5
24542,0.5
24543,0.5
24544,0.5
24545,0.5
24546,0.5
24547,0.5
24548,0.5
24549,0.5
24550,0.5
24551,0.5
24552,0.5
24553,0.5
24554,0.5
24555,0.5
24556,0.5
24557,0.5
24558,0.5
24559,0.5
24560,0.5
24561,0.5
24562,0.5
24563,0.5
24564,0.5
24565,0.5
24566,0.5
24567,0.5
24568,0.5
24569,0.5
24570,0.5
24571,0.5
24572,0.5
24573,0.5
24574,0.5
24575,0.5
24576,0.5
24577,0.5
24578,0.5
24579,0.5
24580,0.5
24581,0.5
24582,0.5
24583,0.5
24584,0.5
24585,0.5
24586,0.5
24587,0.5
24588,0.5
24589,0.5
24590,0.5
24591,0.5
24592,0.5
24593,0.5
24594,0.5
24595,0.5
24596,0.5
24597,0.5
24598,0.5
24599,0.5
24600,0.5
24601,0.5
24602,0.5
24603,0.5
24604,0.5
24605,0.5
24606,0.5
24607,0.5
24608,0.5
24609,0.5
24610,0.5
24611,0.5
24612,0.5
24613,0.5
24614,0.5
24615,0.5
24616,0.5
24617,0.5
24618,0.5
24619,0.5
24620,0.5
24621,0.5
24622,0.5
24623,0.5
24624,0.5
24625,0.5
24626,0.5
24627,0.5
24628,0.5
24629,0.5
24630,0.5
24631,0.5
24632,0.5
24633,0.5
24634,0.5
24635,0.5
24636,0.5
24637,0.5
24638,0.5
24639,0.5
24640,0.5
24641,0.5
24642,0.5
24643,0.5
24644,0.5
24645,0.5
24646,0.5
24647,0.5
24648,0.5
24649,0.5
24650,0.5
24651,0.5
24652,0.5
24653,0.5
24654,0.5
24655,0.5
24656,0.5
24657,0.5
24658,0.5
24659,0.5
24660,0.5
24661,0.5
24662,0.5
24663,0.5
24664,0.5
24665,0.5
24666,0.5
24667,0.5
24668,0.5
24669,0.5
24670,0.5
24671,0.5
24672,0.5
24673,0.5
24674,0.5
24675,0.5
24676,0.5
24677,0.5
24678,0.5
24679,0.5
24680,0.5
24681,0.5
24682,0.5
24683,0.5
24684,0.5
24685,0.5
24686,0.5
24687,0.5
24688,0.5
24689,0.5
24690,0.5
24691,0.5
24692,0.5
24693,0.5
24694,0.5
24695,0.5
24696,0.5
24697,0.5
24698,0.5
24699,0.5
24700,0.5
24701,0.5
24702,0.5
24703,0.5
24704,0.5
24705,0.5
24706,0.5
24707,0.5
24708,0.5
24709,0.5
24710,0.5
24711,0.5
24712,0.5
24713,0.5
24714,0.5
24715,0.5
24716,0.5
24717,0.5
24718,0.5
24719,0.5
24720,0.5
24721,0.5
24722,0.5
24723,0.5
24724,0.5
24725,0.5
24726,0.5
24727,0.5
24728,0.5
24729,0.5
24730,0.5
24731,0.5
24732,0.5
24733,0.5
24734,0.5
24735,0.5
24736,0.5
24737,0.5
24738,0.5
24739,0.5
24740,0.5
24741,0.5
24742,0.5
24743,0.5
24744,0.5
24745,0.5
24746,0.5
24747,0.5
24748,0.5
24749,0.5
24750,0.5
24751,0.5
24752,0.5
24753,0.5
24754,0.5
24755,0.5
24756,0.5
24757,0.5
24758,0.5
24759,0.5
24760,0.5
24761,0.5
24762,0.5
24763,0.5
24764,0.5
24765,0.5
24766,0.5
24767,0.5
24768,0.5
24769,0.5
24770,0.5
24771,0.5
24772,0.5
24773,0.5
24774,0.5
24775,0.5
24776,0.5
24777,0.5
24778,0.5
24779,0.5
24780,0.5
24781,0.5
24782,0.5
24783,0.5
24784,0.5
24785,0.5
24786,0.5
24787,0.5
24788,0.5
24789,0.5
24790,0.5
24791,0.5
24792,0.5
24793,0.5
24794,0.5
24795,0.5
24796,0.5
24797,0.5
24798,0.5
24799,0.5
24800,0.5
24801,0.5
24802,0.5
24803,0.5
24804,0.5
24805,0.5
24806,0.5
24807,0.5
24808,0.5
24809,0.5
24810,0.5
24811,0.5
24812,0.5
24813,0.5
24814,0.5
24815,0.5
24816,0.5
24817,0.5
24818,0.5
24819,0.5
24820,0.5
24821,0.5
24822,0.5
24823,0.5
24824,0.5
24825,0.5
24826,0.5
24827,0.5
24828,0.5
24829,0.5
24830,0.5
24831,0.5
24832,0.5
24833,0.5
24834,0.5
24835,0.5
24836,0.5
24837,0.5
24838,0.5
24839,0.5
24840,0.5
24841,0.5
24842,0.5
24843,0.5
24844,0.5
24845,0.5
24846,0.5
24847,0.5
24848,0.5
24849,0.5
24850,0.5
24851,0.5
24852,0.5
24853,0.5
24854,0.5
24855,0.5
24856,0.5
24857,0.5
24858,0.5
24859,0.5
24860,0.5
24861,0.5
24862,0.5
24863,0.5
24864,0.5
24865,0.5
24866,0.5
24867,0.5
24868,0.5
24869,0.5
24870,0.5
24871,0.5
24872,0.5
24873,0.5
24874,0.5
24875,0.5
24876,0.5
24877,0.5
24878,0.5
24879,0.5
24880,0.5
24881,0.5
24882,0.5
24883,0.5
24884,0.5
24885,0.5
24886,0.5
24887,0.5
24888,0.5
24889,0.5
24890,0.5
24891,0.5
24892,0.5
24893,0.5
24894,0.5
24895,0.5
24896,0.5
24897,0.5
24898,0.5
24899,0.5
24900,0.5
24901,0.5
24902,0.5
24903,0.5
24904,0.5
24905,0.5
24906,0.5
24907,0.5
24908,0.5
24909,0.5
24910,0.5
24911,0.5
24912,0.5
24913,0.5
24914,0.5
24915,0.5
24916,0.5
24917,0.5
24918,0.5
24919,0.5
24920,0.5
24921,0.5
24922,0.5
24923,0.5
24924,0.5
24925,0.5
24926,0.5
24927,0.5
24928,0.5
24929,0.5
24930,0.5
24931,0.5
24932,0.5
24933,0.5
24934,0.5
24935,0.5
24936,0.5
24937,0.5
24938,0.5
24939,0.5
24940,0.5
24941,0.5
24942,0.5
24943,0.5
24944,0.5
24945,0.5
24946,0.5
24947,0.5
24948,0.5
24949,0.5
24950,0.5
24951,0.5
24952,0.5
24953,0.5
24954,0.5
24955,0.5
24956,0.5
24957,0.5
24958,0.5
24959,0.5
24960,0.5
24961,0.5
24962,0.5
24963,0.5
24964,0.5
24965,0.5
24966,0.5
24967,0.5
24968,0.5
24969,0.5
24970,0.5
24971,0.5
24972,0.5
24973,0.5
24974,0.5
24975,0.5
24976,0.5
24977,0.5
24978,0.5
24979,0.5
24980,0.5
24981,0.5
24982,0.5
24983,0.5
24984,0.5
24985,0.5
24986,0.5
24987,0.5
24988,0.5
24989,0.5
24990,0.5
24991,0.5
24992,0.5
24993,0.5
24994,0.5
24995,0.5
24996,0.5
24997,0.5
24998,0.5
24999,0.5
25000,0.5
25001,0.5
25002,0.5
25003,0.5
25004,0.5
25005,0.5
25006,0.5
25007,0.5
25008,0.5
25009,0.5
25010,0.5
25011,0.5
25012,0.5
25013,0.5
25014,0.5
25015,0.5
25016,0.5
25017,0.5
25018,0.5
25019,0.5
25020,0.5
25021,0.5
25022,0.5
25023,0.5
25024,0.5
25025,0.5
25026,0.5
25027,0.5
25028,0.5
25029,0.5
25030,0.5
25031,0.5
25032,0.5
25033,0.5
25034,0.5
25035,0.5
25036,0.5
25037,0.5
25038,0.5
25039,0.5
25040,0.5
25041,0.5
25042,0.5
25043,0.5
25044,0.5
25045,0.5
25046,0.5
25047,0.5
25048,0.5
25049,0.5
25050,0.5
25051,0.5
25052,0.5
25053,0.5
25054,0.5
25055,0.5
25056,0.5
25057,0.5
25058,0.5
25059,0.5
25060,0.5
25061,0.5
25062,0.5
25063,0.5
25064,0.5
25065,0.5
25066,0.5
25067,0.5
25068,0.5
25069,0.5
25070,0.5
25071,0.5
25072,0.5
25073,0.5
25074,0.5
25075,0.5
25076,0.5
25077,0.5
25078,0.5
25079,0.5
25080,0.5
25081,0.5
25082,0.5
25083,0.5
25084,0.5
25085,0.5
25086,0.5
25087,0.5
25088,0.5
25089,0.5
25090,0.5
25091,0.5
25092,0.5
25093,0.5
25094,0.5
25095,0.5
25096,0.5
25097,0.5
25098,0.5
25099,0.5
25100,0.5
25101,0.5
25102,0.5
25103,0.5
25104,0.5
25105,0.5
25106,0.5
25107,0.5
25108,0.5
25109,0.5
25110,0.5
25111,0.5
25112,0.5
25113,0.5
25114,0.5
25115,0.5
25116,0.5
25117,0.5
25118,0.5
25119,0.5
25120,0.5
25121,0.5
25122,0.5
25123,0.5
25124,0.5
25125,0.5
25126,0.5
25127,0.5
25128,0.5
25129,0.5
25130,0.5
25131,0.5
25132,0.5
25133,0.5
25134,0.5
25135,0.5
25136,0.5
25137,0.5
25138,0.5
25139,0.5
25140,0.5
25141,0.5
25142,0.5
25143,0.5
25144,0.5
25145,0.5
25146,0.5
25147,0.5
25148,0.5
25149,0.5
25150,0.5
25151,0.5
25152,0.5
25153,0.5
25154,0.5
25155,0.5
25156,0.5
25157,0.5
25158,0.5
25159,0.5
25160,0.5
25161,0.5
25162,0.5
25163,0.5
25164,0.5
25165,0.5
25166,0.5
25167,0.5
25168,0.5
25169,0.5
25170,0.5
25171,0.5
25172,0.5
25173,0.5
25174,0.5
25175,0.5
25176,0.5
25177,0.5
25178,0.5
25179,0.5
25180,0.5
25181,0.5
25182,0.5
25183,0.5
25184,0.5
25185,0.5
25186,0.5
25187,0.5
25188,0.5
25189,0.5
25190,0.5
25191,0.5
25192,0.5
25193,0.5
25194,0.5
25195,0.5
25196,0.5
25197,0.5
25198,0.5
25199,0.5
25200,0.5
25201,0.5
25202,0.5
25203,0.5
25204,0.5
25205,0.5
25206,0.5
25207,0.5
25208,0.5
25209,0.5
25210,0.5
25211,0.5
25212,0.5
25213,0.5
25214,0.5
25215,0.5
25216,0.5
25217,0.5
25218,0.5
25219,0.5
25220,0.5
25221,0.5
25222,0.5
25223,0.5
25224,0.5
25225,0.5
25226,0.5
25227,0.5
25228,0.5
25229,0.5
25230,0.5
25231,0.5
25232,0.5
25233,0.5
25234,0.5
25235,0.5
25236,0.5
25237,0.5
25238,0.5
25239,0.5
25240,0.5
25241,0.5
25242,0.5
25243,0.5
25244,0.5
25245,0.5
25246,0.5
25247,0.5
25248,0.5
25249,0.5
25250,0.5
25251,0.5
25252,0.5
25253,0.5
25254,0.5
25255,0.5
25256,0.5
25257,0.5
25258,0.5
25259,0.5
25260,0.5
25261,0.5
25262,0.5
25263,0.5
25264,0.5
25265,0.5
25266,0.5
25267,0.5
25268,0.5
25269,0.5
25270,0.5
25271,0.5
25272,0.5
25273,0.5
25274,0.5
25275,0.5
25276,0.5
25277,0.5
25278,0.5
25279,0.5
25280,0.5
25281,0.5
25282,0.5
25283,0.5
25284,0.5
25285,0.5
25286,0.5
25287,0.5
25288,0.5
25289,0.5
25290,0.5
25291,0.5
25292,0.5
25293,0.5
25294,0.5
25295,0.5
25296,0.5
25297,0.5
25298,0.5
25299,0.5
25300,0.5
25301,0.5
25302,0.5
25303,0.5
25304,0.5
25305,0.5
25306,0.5
25307,0.5
25308,0.5
25309,0.5
25310,0.5
25311,0.5
25312,0.5
25313,0.5
25314,0.5
25315,0.5
25316,0.5
25317,0.5
25318,0.5
25319,0.5
25320,0.5
25321,0.5
25322,0.5
25323,0.5
25324,0.5
25325,0.5
25326,0.5
25327,0.5
25328,0.5
25329,0.5
25330,0.5
25331,0.5
25332,0.5
25333,0.5
25334,0.5
25335,0.5
25336,0.5
25337,0.5
25338,0.5
25339,0.5
25340,0.5
25341,0.5
25342,0.5
25343,0.5
25344,0.5
25345,0.5
25346,0.5
25347,0.5
25348,0.5
25349,0.5
25350,0.5
25351,0.5
25352,0.5
25353,0.5
25354,0.5
25355,0.5
25356,0.5
25357,0.5
25358,0.5
25359,0.5
25360,0.5
25361,0.5
25362,0.5
25363,0.5
25364,0.5
25365,0.5
25366,0.5
25367,0.5
25368,0.5
25369,0.5
25370,0.5
25371,0.5
25372,0.5
25373,0.5
25374,0.5
25375,0.5
25376,0.5
25377,0.5
25378,0.5
25379,0.5
25380,0.5
25381,0.5
25382,0.5
25383,0.5
25384,0.5
25385,0.5
25386,0.5
25387,0.5
25388,0.5
25389,0.5
25390,0.5
25391,0.5
25392,0.5
25393,0.5
25394,0.5
25395,0.5
25396,0.5
25397,0.5
25398,0.5
25399,0.5
25400,0.5
25401,0.5
25402,0.5
25403,0.5
25404,0.5
25405,0.5
25406,0.5
25407,0.5
25408,0.5
25409,0.5
25410,0.5
25411,0.5
25412,0.5
25413,0.5
25414,0.5
25415,0.5
25416,0.5
25417,0.5
25418,0.5
25419,0.5
25420,0.5
25421,0.5
25422,0.5
25423,0.5
25424,0.5
25425,0.5
25426,0.5
25427,0.5
25428,0.5
25429,0.5
25430,0.5
25431,0.5
25432,0.5
25433,0.5
25434,0.5
25435,0.5
25436,0.5
25437,0.5
25438,0.5
25439,0.5
25440,0.5
25441,0.5
25442,0.5
25443,0.5
25444,0.5
25445,0.5
25446,0.5
25447,0.5
25448,0.5
25449,0.5
25450,0.5
25451,0.5
25452,0.5
25453,0.5
25454,0.5
25455,0.5
25456,0.5
25457,0.5
25458,0.5
25459,0.5
25460,0.5
25461,0.5
25462,0.5
25463,0.5
25464,0.5
25465,0.5
25466,0.5
25467,0.5
25468,0.5
25469,0.5
25470,0.5
25471,0.5
25472,0.5
25473,0.5
25474,0.5
25475,0.5
25476,0.5
25477,0.5
25478,0.5
25479,0.5
25480,0.5
25481,0.5
25482,0.5
25483,0.5
25484,0.5
25485,0.5
25486,0.5
25487,0.5
25488,0.5
25489,0.5
25490,0.5
25491,0.5
25492,0.5
25493,0.5
25494,0.5
25495,0.5
25496,0.5
25497,0.5
25498,0.5
25499,0.5
25500,0.5
25501,0.5
25502,0.5
25503,0.5
25504,0.5
25505,0.5
25506,0.5
25507,0.5
25508,0.5
25509,0.5
25510,0.5
25511,0.5
25512,0.5
25513,0.5
25514,0.5
25515,0.5
25516,0.5
25517,0.5
25518,0.5
25519,0.5
25520,0.5
25521,0.5
25522,0.5
25523,0.5
25524,0.5
25525,0.5
25526,0.5
25527,0.5
25528,0.5
25529,0.5
25530,0.5
25531,0.5
25532,0.5
25533,0.5
25534,0.5
25535,0.5
25536,0.5
25537,0.5
25538,0.5
25539,0.5
25540,0.5
25541,0.5
25542,0.5
25543,0.5
25544,0.5
25545,0.5
25546,0.5
25547,0.5
25548,0.5
25549,0.5
25550,0.5
25551,0.5
25552,0.5
25553,0.5
25554,0.5
25555,0.5
25556,0.5
25557,0.5
25558,0.5
25559,0.5
25560,0.5
25561,0.5
25562,0.5
25563,0.5
25564,0.5
25565,0.5
25566,0.5
25567,0.5
25568,0.5
25569,0.5
25570,0.5
25571,0.5
25572,0.5
25573,0.5
25574,0.5
25575,0.5
25576,0.5
25577,0.5
25578,0.5
25579,0.5
25580,0.5
25581,0.5
25582,0.5
25583,0.5
25584,0.5
25585,0.5
25586,0.5
25587,0.5
25588,0.5
25589,0.5
25590,0.5
25591,0.5
25592,0.5
25593,0.5
25594,0.5
25595,0.5
25596,0.5
25597,0.5
25598,0.5
25599,0.5
25600,0.5
25601,0.5
25602,0.5
25603,0.5
25604,0.5
25605,0.5
25606,0.5
25607,0.5
25608,0.5
25609,0.5
25610,0.5
25611,0.5
25612,0.5
25613,0.5
25614,0.5
25615,0.5
25616,0.5
25617,0.5
25618,0.5
25619,0.5
25620,0.5
25621,0.5
25622,0.5
25623,0.5
25624,0.5
25625,0.5
25626,0.5
25627,0.5
25628,0.5
25629,0.5
25630,0.5
25631,0.5
25632,0.5
25633,0.5
25634,0.5
25635,0.5
25636,0.5
25637,0.5
25638,0.5
25639,0.5
25640,0.5
25641,0.5
25642,0.5
25643,0.5
25644,0.5
25645,0.5
25646,0.5
25647,0.5
25648,0.5
25649,0.5
25650,0.5
25651,0.5
25652,0.5
25653,0.5
25654,0.5
25655,0.5
25656,0.5
25657,0.5
25658,0.5
25659,0.5
25660,0.5
25661,0.5
25662,0.5
25663,0.5
25664,0.5
25665,0.5
25666,0.5
25667,0.5
25668,0.5
25669,0.5
25670,0.5
25671,0.5
25672,0.5
25673,0.5
25674,0.5
25675,0.5
25676,0.5
25677,0.5
25678,0.5
25679,0.5
25680,0.5
25681,0.5
25682,0.5
25683,0.5
25684,0.5
25685,0.5
25686,0.5
25687,0.5
25688,0.5
25689,0.5
25690,0.5
25691,0.5
25692,0.5
25693,0.5
25694,0.5
25695,0.5
25696,0.5
25697,0.5
25698,0.5
25699,0.5
25700,0.5
25701,0.5
25702,0.5
25703,0.5
25704,0.5
25705,0.5
25706,0.5
25707,0.5
25708,0.5
25709,0.5
25710,0.5
25711,0.5
25712,0.5
25713,0.5
25714,0.5
25715,0.5
25716,0.5
25717,0.5
25718,0.5
25719,0.5
25720,0.5
25721,0.5
25722,0.5
25723,0.5
25724,0.5
25725,0.5
25726,0.5
25727,0.5
25728,0.5
25729,0.5
25730,0.5
25731,0.5
25732,0.5
25733,0.5
25734,0.5
25735,0.5
25736,0.5
25737,0.5
25738,0.5
25739,0.5
25740,0.5
25741,0.5
25742,0.5
25743,0.5
25744,0.5
25745,0.5
25746,0.5
25747,0.5
25748,0.5
25749,0.5
25750,0.5
25751,0.5
25752,0.5
25753,0.5
25754,0.5
25755,0.5
25756,0.5
25757,0.5
25758,0.5
25759,0.5
25760,0.5
25761,0.5
25762,0.5
25763,0.5
25764,0.5
25765,0.5
25766,0.5
25767,0.5
25768,0.5
25769,0.5
25770,0.5
25771,0.5
25772,0.5
25773,0.5
25774,0.5
25775,0.5
25776,0.5
25777,0.5
25778,0.5
25779,0.5
25780,0.5
25781,0.5
25782,0.5
25783,0.5
25784,0.5
25785,0.5
25786,0.5
25787,0.5
25788,0.5
25789,0.5
25790,0.5
25791,0.5
25792,0.5
25793,0.5
25794,0.5
25795,0.5
25796,0.5
25797,0.5
25798,0.5
25799,0.5
25800,0.5
25801,0.5
25802,0.5
25803,0.5
25804,0.5
25805,0.5
25806,0.5
25807,0.5
25808,0.5
25809,0.5
25810,0.5
25811,0.5
25812,0.5
25813,0.5
25814,0.5
25815,0.5
25816,0.5
25817,0.5
25818,0.5
25819,0.5
25820,0.5
25821,0.5
25822,0.5
25823,0.5
25824,0.5
25825,0.5
25826,0.5
25827,0.5
25828,0.5
25829,0.5
25830,0.5
25831,0.5
25832,0.5
25833,0.5
25834,0.5
25835,0.5
25836,0.5
25837,0.5
25838,0.5
25839,0.5
25840,0.5
25841,0.5
25842,0.5
25843,0.5
25844,0.5
25845,0.5
25846,0.5
25847,0.5
25848,0.5
25849,0.5
25850,0.5
25851,0.5
25852,0.5
25853,0.5
25854,0.5
25855,0.5
25856,0.5
25857,0.5
25858,0.5
25859,0.5
25860,0.5
25861,0.5
25862,0.5
25863,0.5
25864,0.5
25865,0.5
25866,0.5
25867,0.5
25868,0.5
25869,0.5
25870,0.5
25871,0.5
25872,0.5
25873,0.5
25874,0.5
25875,0.5
25876,0.5
25877,0.5
25878,0.5
25879,0.5
25880,0.5
25881,0.5
25882,0.5
25883,0.5
25884,0.5
25885,0.5
25886,0.5
25887,0.5
25888,0.5
25889,0.5
25890,0.5
25891,0.5
25892,0.5
25893,0.5
25894,0.5
25895,0.5
25896,0.5
25897,0.5
25898,0.5
25899,0.5
25900,0.5
25901,0.5
25902,0.5
25903,0.5
25904,0.5
25905,0.5
25906,0.5
25907,0.5
25908,0.5
25909,0.5
25910,0.5
25911,0.5
25912,0.5
25913,0.5
25914,0.5
25915,0.5
25916,0.5
25917,0.5
25918,0.5
25919,0.5
25920,0.5
25921,0.5
25922,0.5
25923,0.5
25924,0.5
25925,0.5
25926,0.5
25927,0.5
25928,0.5
25929,0.5
25930,0.5
25931,0.5
25932,0.5
25933,0.5
25934,0.5
25935,0.5
25936,0.5
25937,0.5
25938,0.5
25939,0.5
25940,0.5
25941,0.5
25942,0.5
25943,0.5
25944,0.5
25945,0.5
25946,0.5
25947,0.5
25948,0.5
25949,0.5
25950,0.5
25951,0.5
25952,0.5
25953,0.5
25954,0.5
25955,0.5
25956,0.5
25957,0.5
25958,0.5
25959,0.5
25960,0.5
25961,0.5
25962,0.5
25963,0.5
25964,0.5
25965,0.5
25966,0.5
25967,0.5
25968,0.5
25969,0.5
25970,0.5
25971,0.5
25972,0.5
25973,0.5
25974,0.5
25975,0.5
25976,0.5
25977,0.5
25978,0.5
25979,0.5
25980,0.5
25981,0.5
25982,0.5
25983,0.5
25984,0.5
25985,0.5
25986,0.5
25987,0.5
25988,0.5
25989,0.5
25990,0.5
25991,0.5
25992,0.5
25993,0.5
25994,0.5
25995,0.5
25996,0.5
25997,0.5
25998,0.5
25999,0.5
26000,0.5
26001,0.5
26002,0.5
26003,0.5
26004,0.5
26005,0.5
26006,0.5
26007,0.5
26008,0.5
26009,0.5
26010,0.5
26011,0.5
26012,0.5
26013,0.5
26014,0.5
26015,0.5
26016,0.5
26017,0.5
26018,0.5
26019,0.5
26020,0.5
26021,0.5
26022,0.5
26023,0.5
26024,0.5
26025,0.5
26026,0.5
26027,0.5
26028,0.5
26029,0.5
26030,0.5
26031,0.5
26032,0.5
26033,0.5
26034,0.5
26035,0.5
26036,0.5
26037,0.5
26038,0.5
26039,0.5
26040,0.5
26041,0.5
26042,0.5
26043,0.5
26044,0.5
26045,0.5
26046,0.5
26047,0.5
26048,0.5
26049,0.5
26050,0.5
26051,0.5
26052,0.5
26053,0.5
26054,0.5
26055,0.5
26056,0.5
26057,0.5
26058,0.5
26059,0.5
26060,0.5
26061,0.5
26062,0.5
26063,0.5
26064,0.5
26065,0.5
26066,0.5
26067,0.5
26068,0.5
26069,0.5
26070,0.5
26071,0.5
26072,0.5
26073,0.5
26074,0.5
26075,0.5
26076,0.5
26077,0.5
26078,0.5
26079,0.5
26080,0.5
26081,0.5
26082,0.5
26083,0.5
26084,0.5
26085,0.5
26086,0.5
26087,0.5
26088,0.5
26089,0.5
26090,0.5
26091,0.5
26092,0.5
26093,0.5
26094,0.5
26095,0.5
26096,0.5
26097,0.5
26098,0.5
26099,0.5
26100,0.5
26101,0.5
26102,0.5
26103,0.5
26104,0.5
26105,0.5
26106,0.5
26107,0.5
26108,0.5
26109,0.5
26110,0.5
26111,0.5
26112,0.5
26113,0.5
26114,0.5
26115,0.5
26116,0.5
26117,0.5
26118,0.5
26119,0.5
26120,0.5
26121,0.5
26122,0.5
26123,0.5
26124,0.5
26125,0.5
26126,0.5
26127,0.5
26128,0.5
26129,0.5
26130,0.5
26131,0.5
26132,0.5
26133,0.5
26134,0.5
26135,0.5
26136,0.5
26137,0.5
26138,0.5
26139,0.5
26140,0.5
26141,0.5
26142,0.5
26143,0.5
26144,0.5
26145,0.5
26146,0.5
26147,0.5
26148,0.5
26149,0.5
26150,0.5
26151,0.5
26152,0.5
26153,0.5
26154,0.5
26155,0.5
26156,0.5
26157,0.5
26158,0.5
26159,0.5
26160,0.5
26161,0.5
26162,0.5
26163,0.5
26164,0.5
26165,0.5
26166,0.5
26167,0.5
26168,0.5
26169,0.5
26170,0.5
26171,0.5
26172,0.5
26173,0.5
26174,0.5
26175,0.5
26176,0.5
26177,0.5
26178,0.5
26179,0.5
26180,0.5
26181,0.5
26182,0.5
26183,0.5
26184,0.5
26185,0.5
26186,0.5
26187,0.5
26188,0.5
26189,0.5
26190,0.5
26191,0.5
26192,0.5
26193,0.5
26194,0.5
26195,0.5
26196,0.5
26197,0.5
26198,0.5
26199,0.5
26200,0.5
26201,0.5
26202,0.5
26203,0.5
26204,0.5
26205,0.5
26206,0.5
26207,0.5
26208,0.5
26209,0.5
26210,0.5
26211,0.5
26212,0.5
26213,0.5
26214,0.5
26215,0.5
26216,0.5
26217,0.5
26218,0.5
26219,0.5
26220,0.5
26221,0.5
26222,0.5
26223,0.5
26224,0.5
26225,0.5
26226,0.5
26227,0.5
26228,0.5
26229,0.5
26230,0.5
26231,0.5
26232,0.5
26233,0.5
26234,0.5
26235,0.5
26236,0.5
26237,0.5
26238,0.5
26239,0.5
26240,0.5
26241,0.5
26242,0.5
26243,0.5
26244,0.5
26245,0.5
26246,0.5
26247,0.5
26248,0.5
26249,0.5
26250,0.5
26251,0.5
26252,0.5
26253,0.5
26254,0.5
26255,0.5
26256,0.5
26257,0.5
26258,0.5
26259,0.5
26260,0.5
26261,0.5
26262,0.5
26263,0.5
26264,0.5
26265,0.5
26266,0.5
26267,0.5
26268,0.5
26269,0.5
26270,0.5
26271,0.5
26272,0.5
26273,0.5
26274,0.5
26275,0.5
26276,0.5
26277,0.5
26278,0.5
26279,0.5
26280,0.5
26281,0.5
26282,0.5
26283,0.5
26284,0.5
26285,0.5
26286,0.5
26287,0.5
26288,0.5
26289,0.5
26290,0.5
26291,0.5
26292,0.5
26293,0.5
26294,0.5
26295,0.5
26296,0.5
26297,0.5
26298,0.5
26299,0.5
26300,0.5
26301,0.5
26302,0.5
26303,0.5
26304,0.5
26305,0.5
26306,0.5
26307,0.5
26308,0.5
26309,0.5
26310,0.5
26311,0.5
26312,0.5
26313,0.5
26314,0.5
26315,0.5
26316,0.5
26317,0.5
26318,0.5
26319,0.5
26320,0.5
26321,0.5
26322,0.5
26323,0.5
26324,0.5
26325,0.5
26326,0.5
26327,0.5
26328,0.5
26329,0.5
26330,0.5
26331,0.5
26332,0.5
26333,0.5
26334,0.5
26335,0.5
26336,0.5
26337,0.5
26338,0.5
26339,0.5
26340,0.5
26341,0.5
26342,0.5
26343,0.5
26344,0.5
26345,0.5
26346,0.5
26347,0.5
26348,0.5
26349,0.5
26350,0.5
26351,0.5
26352,0.5
26353,0.5
26354,0.5
26355,0.5
26356,0.5
26357,0.5
26358,0.5
26359,0.5
26360,0.5
26361,0.5
26362,0.5
26363,0.5
26364,0.5
26365,0.5
26366,0.5
26367,0.5
26368,0.5
26369,0.5
26370,0.5
26371,0.5
26372,0.5
26373,0.5
26374,0.5
26375,0.5
26376,0.5
26377,0.5
26378,0.5
26379,0.5
26380,0.5
26381,0.5
26382,0.5
26383,0.5
26384,0.5
26385,0.5
26386,0.5
26387,0.5
26388,0.5
26389,0.5
26390,0.5
26391,0.5
26392,0.5
26393,0.5
26394,0.5
26395,0.5
26396,0.5
26397,0.5
26398,0.5
26399,0.5
26400,0.5
26401,0.5
26402,0.5
26403,0.5
26404,0.5
26405,0.5
26406,0.5
26407,0.5
26408,0.5
26409,0.5
26410,0.5
26411,0.5
26412,0.5
26413,0.5
26414,0.5
26415,0.5
26416,0.5
26417,0.5
26418,0.5
26419,0.5
26420,0.5
26421,0.5
26422,0.5
26423,0.5
26424,0.5
26425,0.5
26426,0.5
26427,0.5
26428,0.5
26429,0.5
26430,0.5
26431,0.5
26432,0.5
26433,0.5
26434,0.5
26435,0.5
26436,0.5
26437,0.5
26438,0.5
26439,0.5
26440,0.5
26441,0.5
26442,0.5
26443,0.5
26444,0.5
26445,0.5
26446,0.5
26447,0.5
26448,0.5
26449,0.5
26450,0.5
26451,0.5
26452,0.5
26453,0.5
26454,0.5
26455,0.5
26456,0.5
26457,0.5
26458,0.5
26459,0.5
26460,0.5
26461,0.5
26462,0.5
26463,0.5
26464,0.5
26465,0.5
26466,0.5
26467,0.5
26468,0.5
26469,0.5
26470,0.5
26471,0.5
26472,0.5
26473,0.5
26474,0.5
26475,0.5
26476,0.5
26477,0.5
26478,0.5
26479,0.5
26480,0.5
26481,0.5
26482,0.5
26483,0.5
26484,0.5
26485,0.5
26486,0.5
26487,0.5
26488,0.5
26489,0.5
26490,0.5
26491,0.5
26492,0.5
26493,0.5
26494,0.5
26495,0.5
26496,0.5
26497,0.5
26498,0.5
26499,0.5
26500,0.5
26501,0.5
26502,0.5
26503,0.5
26504,0.5
26505,0.5
26506,0.5
26507,0.5
26508,0.5
26509,0.5
26510,0.5
26511,0.5
26512,0.5
26513,0.5
26514,0.5
26515,0.5
26516,0.5
26517,0.5
26518,0.5
26519,0.5
26520,0.5
26521,0.5
26522,0.5
26523,0.5
26524,0.5
26525,0.5
26526,0.5
26527,0.5
26528,0.5
26529,0.5
26530,0.5
26531,0.5
26532,0.5
26533,0.5
26534,0.5
26535,0.5
26536,0.5
26537,0.5
26538,0.5
26539,0.5
26540,0.5
26541,0.5
26542,0.5
26543,0.5
26544,0.5
26545,0.5
26546,0.5
26547,0.5
26548,0.5
26549,0.5
26550,0.5
26551,0.5
26552,0.5
26553,0.5
26554,0.5
26555,0.5
26556,0.5
26557,0.5
26558,0.5
26559,0.5
26560,0.5
26561,0.5
26562,0.5
26563,0.5
26564,0.5
26565,0.5
26566,0.5
26567,0.5
26568,0.5
26569,0.5
26570,0.5
26571,0.5
26572,0.5
26573,0.5
26574,0.5
26575,0.5
26576,0.5
26577,0.5
26578,0.5
26579,0.5
26580,0.5
26581,0.5
26582,0.5
26583,0.5
26584,0.5
26585,0.5
26586,0.5
26587,0.5
26588,0.5
26589,0.5
26590,0.5
26591,0.5
26592,0.5
26593,0.5
26594,0.5
26595,0.5
26596,0.5
26597,0.5
26598,0.5
26599,0.5
26600,0.5
26601,0.5
26602,0.5
26603,0.5
26604,0.5
26605,0.5
26606,0.5
26607,0.5
26608,0.5
26609,0.5
26610,0.5
26611,0.5
26612,0.5
26613,0.5
26614,0.5
26615,0.5
26616,0.5
26617,0.5
26618,0.5
26619,0.5
26620,0.5
26621,0.5
26622,0.5
26623,0.5
26624,0.5
26625,0.5
26626,0.5
26627,0.5
26628,0.5
26629,0.5
26630,0.5
26631,0.5
26632,0.5
26633,0.5
26634,0.5
26635,0.5
26636,0.5
26637,0.5
26638,0.5
26639,0.5
26640,0.5
26641,0.5
26642,0.5
26643,0.5
26644,0.5
26645,0.5
26646,0.5
26647,0.5
26648,0.5
26649,0.5
26650,0.5
26651,0.5
26652,0.5
26653,0.5
26654,0.5
26655,0.5
26656,0.5
26657,0.5
26658,0.5
26659,0.5
26660,0.5
26661,0.5
26662,0.5
26663,0.5
26664,0.5
26665,0.5
26666,0.5
26667,0.5
26668,0.5
26669,0.5
26670,0.5
26671,0.5
26672,0.5
26673,0.5
26674,0.5
26675,0.5
26676,0.5
26677,0.5
26678,0.5
26679,0.5
26680,0.5
26681,0.5
26682,0.5
26683,0.5
26684,0.5
26685,0.5
26686,0.5
26687,0.5
26688,0.5
26689,0.5
26690,0.5
26691,0.5
26692,0.5
26693,0.5
26694,0.5
26695,0.5
26696,0.5
26697,0.5
26698,0.5
26699,0.5
26700,0.5
26701,0.5
26702,0.5
26703,0.5
26704,0.5
26705,0.5
26706,0.5
26707,0.5
26708,0.5
26709,0.5
26710,0.5
26711,0.5
26712,0.5
26713,0.5
26714,0.5
26715,0.5
26716,0.5
26717,0.5
26718,0.5
26719,0.5
26720,0.5
26721,0.5
26722,0.5
26723,0.5
26724,0.5
26725,0.5
26726,0.5
26727,0.5
26728,0.5
26729,0.5
26730,0.5
26731,0.5
26732,0.5
26733,0.5
26734,0.5
26735,0.5
26736,0.5
26737,0.5
26738,0.5
26739,0.5
26740,0.5
26741,0.5
26742,0.5
26743,0.5
26744,0.5
26745,0.5
26746,0.5
26747,0.5
26748,0.5
26749,0.5
26750,0.5
26751,0.5
26752,0.5
26753,0.5
26754,0.5
26755,0.5
26756,0.5
26757,0.5
26758,0.5
26759,0.5
26760,0.5
26761,0.5
26762,0.5
26763,0.5
26764,0.5
26765,0.5
26766,0.5
26767,0.5
26768,0.5
26769,0.5
26770,0.5
26771,0.5
26772,0.5
26773,0.5
26774,0.5
26775,0.5
26776,0.5
26777,0.5
26778,0.5
26779,0.5
26780,0.5
26781,0.5
26782,0.5
26783,0.5
26784,0.5
26785,0.5
26786,0.5
26787,0.5
26788,0.5
26789,0.5
26790,0.5
26791,0.5
26792,0.5
26793,0.5
26794,0.5
26795,0.5
26796,0.5
26797,0.5
26798,0.5
26799,0.5
26800,0.5
26801,0.5
26802,0.5
26803,0.5
26804,0.5
26805,0.5
26806,0.5
26807,0.5
26808,0.5
26809,0.5
26810,0.5
26811,0.5
26812,0.5
26813,0.5
26814,0.5
26815,0.5
26816,0.5
26817,0.5
26818,0.5
26819,0.5
26820,0.5
26821,0.5
26822,0.5
26823,0.5
26824,0.5
26825,0.5
26826,0.5
26827,0.5
26828,0.5
26829,0.5
26830,0.5
26831,0.5
26832,0.5
26833,0.5
26834,0.5
26835,0.5
26836,0.5
26837,0.5
26838,0.5
26839,0.5
26840,0.5
26841,0.5
26842,0.5
26843,0.5
26844,0.5
26845,0.5
26846,0.5
26847,0.5
26848,0.5
26849,0.5
26850,0.5
26851,0.5
26852,0.5
26853,0.5
26854,0.5
26855,0.5
26856,0.5
26857,0.5
26858,0.5
26859,0.5
26860,0.5
26861,0.5
26862,0.5
26863,0.5
26864,0.5
26865,0.5
26866,0.5
26867,0.5
26868,0.5
26869,0.5
26870,0.5
26871,0.5
26872,0.5
26873,0.5
26874,0.5
26875,0.5
26876,0.5
26877,0.5
26878,0.5
26879,0.5
26880,0.5
26881,0.5
26882,0.5
26883,0.5
26884,0.5
26885,0.5
26886,0.5
26887,0.5
26888,0.5
26889,0.5
26890,0.5
26891,0.5
26892,0.5
26893,0.5
26894,0.5
26895,0.5
26896,0.5
26897,0.5
26898,0.5
26899,0.5
26900,0.5
26901,0.5
26902,0.5
26903,0.5
26904,0.5
26905,0.5
26906,0.5
26907,0.5
26908,0.5
26909,0.5
26910,0.5
26911,0.5
26912,0.5
26913,0.5
26914,0.5
26915,0.5
26916,0.5
26917,0.5
26918,0.5
26919,0.5
26920,0.5
26921,0.5
26922,0.5
26923,0.5
26924,0.5
26925,0.5
26926,0.5
26927,0.5
26928,0.5
26929,0.5
26930,0.5
26931,0.5
26932,0.5
26933,0.5
26934,0.5
26935,0.5
26936,0.5
26937,0.5
26938,0.5
26939,0.5
26940,0.5
26941,0.5
26942,0.5
26943,0.5
26944,0.5
26945,0.5
26946,0.5
26947,0.5
26948,0.5
26949,0.5
26950,0.5
26951,0.5
26952,0.5
26953,0.5
26954,0.5
26955,0.5
26956,0.5
26957,0.5
26958,0.5
26959,0.5
26960,0.5
26961,0.5
26962,0.5
26963,0.5
26964,0.5
26965,0.5
26966,0.5
26967,0.5
26968,0.5
26969,0.5
26970,0.5
26971,0.5
26972,0.5
26973,0.5
26974,0.5
26975,0.5
26976,0.5
26977,0.5
26978,0.5
26979,0.5
26980,0.5
26981,0.5
26982,0.5
26983,0.5
26984,0.5
26985,0.5
26986,0.5
26987,0.5
26988,0.5
26989,0.5
26990,0.5
26991,0.5
26992,0.5
26993,0.5
26994,0.5
26995,0.5
26996,0.5
26997,0.5
26998,0.5
26999,0.5
27000,0.5
27001,0.5
27002,0.5
27003,0.5
27004,0.5
27005,0.5
27006,0.5
27007,0.5
27008,0.5
27009,0.5
27010,0.5
27011,0.5
27012,0.5
27013,0.5
27014,0.5
27015,0.5
27016,0.5
27017,0.5
27018,0.5
27019,0.5
27020,0.5
27021,0.5
27022,0.5
27023,0.5
27024,0.5
27025,0.5
27026,0.5
27027,0.5
27028,0.5
27029,0.5
27030,0.5
27031,0.5
27032,0.5
27033,0.5
27034,0.5
27035,0.5
27036,0.5
27037,0.5
27038,0.5
27039,0.5
27040,0.5
27041,0.5
27042,0.5
27043,0.5
27044,0.5
27045,0.5
27046,0.5
27047,0.5
27048,0.5
27049,0.5
27050,0.5
27051,0.5
27052,0.5
27053,0.5
27054,0.5
27055,0.5
27056,0.5
27057,0.5
27058,0.5
27059,0.5
27060,0.5
27061,0.5
27062,0.5
27063,0.5
27064,0.5
27065,0.5
27066,0.5
27067,0.5
27068,0.5
27069,0.5
27070,0.5
27071,0.5
27072,0.5
27073,0.5
27074,0.5
27075,0.5
27076,0.5
27077,0.5
27078,0.5
27079,0.5
27080,0.5
27081,0.5
27082,0.5
27083,0.5
27084,0.5
27085,0.5
27086,0.5
27087,0.5
27088,0.5
27089,0.5
27090,0.5
27091,0.5
27092,0.5
27093,0.5
27094,0.5
27095,0.5
27096,0.5
27097,0.5
27098,0.5
27099,0.5
27100,0.5
27101,0.5
27102,0.5
27103,0.5
27104,0.5
27105,0.5
27106,0.5
27107,0.5
27108,0.5
27109,0.5
27110,0.5
27111,0.5
27112,0.5
27113,0.5
27114,0.5
27115,0.5
27116,0.5
27117,0.5
27118,0.5
27119,0.5
27120,0.5
27121,0.5
27122,0.5
27123,0.5
27124,0.5
27125,0.5
27126,0.5
27127,0.5
27128,0.5
27129,0.5
27130,0.5
27131,0.5
27132,0.5
27133,0.5
27134,0.5
27135,0.5
27136,0.5
27137,0.5
27138,0.5
27139,0.5
27140,0.5
27141,0.5
27142,0.5
27143,0.5
27144,0.5
27145,0.5
27146,0.5
27147,0.5
27148,0.5
27149,0.5
27150,0.5
27151,0.5
27152,0.5
27153,0.5
27154,0.5
27155,0.5
27156,0.5
27157,0.5
27158,0.5
27159,0.5
27160,0.5
27161,0.5
27162,0.5
27163,0.5
27164,0.5
27165,0.5
27166,0.5
27167,0.5
27168,0.5
27169,0.5
27170,0.5
27171,0.5
27172,0.5
27173,0.5
27174,0.5
27175,0.5
27176,0.5
27177,0.5
27178,0.5
27179,0.5
27180,0.5
27181,0.5
27182,0.5
27183,0.5
27184,0.5
27185,0.5
27186,0.5
27187,0.5
27188,0.5
27189,0.5
27190,0.5
27191,0.5
27192,0.5
27193,0.5
27194,0.5
27195,0.5
27196,0.5
27197,0.5
27198,0.5
27199,0.5
27200,0.5
27201,0.5
27202,0.5
27203,0.5
27204,0.5
27205,0.5
27206,0.5
27207,0.5
27208,0.5
27209,0.5
27210,0.5
27211,0.5
27212,0.5
27213,0.5
27214,0.5
27215,0.5
27216,0.5
27217,0.5
27218,0.5
27219,0.5
27220,0.5
27221,0.5
27222,0.5
27223,0.5
27224,0.5
27225,0.5
27226,0.5
27227,0.5
27228,0.5
27229,0.5
27230,0.5
27231,0.5
27232,0.5
27233,0.5
27234,0.5
27235,0.5
27236,0.5
27237,0.5
27238,0.5
27239,0.5
27240,0.5
27241,0.5
27242,0.5
27243,0.5
27244,0.5
27245,0.5
27246,0.5
27247,0.5
27248,0.5
27249,0.5
27250,0.5
27251,0.5
27252,0.5
27253,0.5
27254,0.5
27255,0.5
27256,0.5
27257,0.5
27258,0.5
27259,0.5
27260,0.5
27261,0.5
27262,0.5
27263,0.5
27264,0.5
27265,0.5
27266,0.5
27267,0.5
27268,0.5
27269,0.5
27270,0.5
27271,0.5
27272,0.5
27273,0.5
27274,0.5
27275,0.5
27276,0.5
27277,0.5
27278,0.5
27279,0.5
27280,0.5
27281,0.5
27282,0.5
27283,0.5
27284,0.5
27285,0.5
27286,0.5
27287,0.5
27288,0.5
27289,0.5
27290,0.5
27291,0.5
27292,0.5
27293,0.5
27294,0.5
27295,0.5
27296,0.5
27297,0.5
27298,0.5
27299,0.5
27300,0.5
27301,0.5
27302,0.5
27303,0.5
27304,0.5
27305,0.5
27306,0.5
27307,0.5
27308,0.5
27309,0.5
27310,0.5
27311,0.5
27312,0.5
27313,0.5
27314,0.5
27315,0.5
27316,0.5
27317,0.5
27318,0.5
27319,0.5
27320,0.5
27321,0.5
27322,0.5
27323,0.5
27324,0.5
27325,0.5
27326,0.5
27327,0.5
27328,0.5
27329,0.5
27330,0.5
27331,0.5
27332,0.5
27333,0.5
27334,0.5
27335,0.5
27336,0.5
27337,0.5
27338,0.5
27339,0.5
27340,0.5
27341,0.5
27342,0.5
27343,0.5
27344,0.5
27345,0.5
27346,0.5
27347,0.5
27348,0.5
27349,0.5
27350,0.5
27351,0.5
27352,0.5
27353,0.5
27354,0.5
27355,0.5
27356,0.5
27357,0.5
27358,0.5
27359,0.5
27360,0.5
27361,0.5
27362,0.5
27363,0.5
27364,0.5
27365,0.5
27366,0.5
27367,0.5
27368,0.5
27369,0.5
27370,0.5
27371,0.5
27372,0.5
27373,0.5
27374,0.5
27375,0.5
27376,0.5
27377,0.5
27378,0.5
27379,0.5
27380,0.5
27381,0.5
27382,0.5
27383,0.5
27384,0.5
27385,0.5
27386,0.5
27387,0.5
27388,0.5
27389,0.5
27390,0.5
27391,0.5
27392,0.5
27393,0.5
27394,0.5
27395,0.5
27396,0.5
27397,0.5
27398,0.5
27399,0.5
27400,0.5
27401,0.5
27402,0.5
27403,0.5
27404,0.5
27405,0.5
27406,0.5
27407,0.5
27408,0.5
27409,0.5
27410,0.5
27411,0.5
27412,0.5
27413,0.5
27414,0.5
27415,0.5
27416,0.5
27417,0.5
27418,0.5
27419,0.5
27420,0.5
27421,0.5
27422,0.5
27423,0.5
27424,0.5
27425,0.5
27426,0.5
27427,0.5
27428,0.5
27429,0.5
27430,0.5
27431,0.5
27432,0.5
27433,0.5
27434,0.5
27435,0.5
27436,0.5
27437,0.5
27438,0.5
27439,0.5
27440,0.5
27441,0.5
27442,0.5
27443,0.5
27444,0.5
27445,0.5
27446,0.5
27447,0.5
27448,0.5
27449,0.5
27450,0.5
27451,0.5
27452,0.5
27453,0.5
27454,0.5
27455,0.5
27456,0.5
27457,0.5
27458,0.5
27459,0.5
27460,0.5
27461,0.5
27462,0.5
27463,0.5
27464,0.5
27465,0.5
27466,0.5
27467,0.5
27468,0.5
27469,0.5
27470,0.5
27471,0.5
27472,0.5
27473,0.5
27474,0.5
27475,0.5
27476,0.5
27477,0.5
27478,0.5
27479,0.5
27480,0.5
27481,0.5
27482,0.5
27483,0.5
27484,0.5
27485,0.5
27486,0.5
27487,0.5
27488,0.5
27489,0.5
27490,0.5
27491,0.5
27492,0.5
27493,0.5
27494,0.5
27495,0.5
27496,0.5
27497,0.5
27498,0.5
27499,0.5
27500,0.5
27501,0.5
27502,0.5
27503,0.5
27504,0.5
27505,0.5
27506,0.5
27507,0.5
27508,0.5
27509,0.5
27510,0.5
27511,0.5
27512,0.5
27513,0.5
27514,0.5
27515,0.5
27516,0.5
27517,0.5
27518,0.5
27519,0.5
27520,0.5
27521,0.5
27522,0.5
27523,0.5
27524,0.5
27525,0.5
27526,0.5
27527,0.5
27528,0.5
27529,0.5
27530,0.5
27531,0.5
27532,0.5
27533,0.5
27534,0.5
27535,0.5
27536,0.5
27537,0.5
27538,0.5
27539,0.5
27540,0.5
27541,0.5
27542,0.5
27543,0.5
27544,0.5
27545,0.5
27546,0.5
27547,0.5
27548,0.5
27549,0.5
27550,0.5
27551,0.5
27552,0.5
27553,0.5
27554,0.5
27555,0.5
27556,0.5
27557,0.5
27558,0.5
27559,0.5
27560,0.5
27561,0.5
27562,0.5
27563,0.5
27564,0.5
27565,0.5
27566,0.5
27567,0.5
27568,0.5
27569,0.5
27570,0.5
27571,0.5
27572,0.5
27573,0.5
27574,0.5
27575,0.5
27576,0.5
27577,0.5
27578,0.5
27579,0.5
27580,0.5
27581,0.5
27582,0.5
27583,0.5
27584,0.5
27585,0.5
27586,0.5
27587,0.5
27588,0.5
27589,0.5
27590,0.5
27591,0.5
27592,0.5
27593,0.5
27594,0.5
27595,0.5
27596,0.5
27597,0.5
27598,0.5
27599,0.5
27600,0.5
27601,0.5
27602,0.5
27603,0.5
27604,0.5
27605,0.5
27606,0.5
27607,0.5
27608,0.5
27609,0.5
27610,0.5
27611,0.5
27612,0.5
27613,0.5
27614,0.5
27615,0.5
27616,0.5
27617,0.5
27618,0.5
27619,0.5
27620,0.5
27621,0.5
27622,0.5
27623,0.5
27624,0.5
27625,0.5
27626,0.5
27627,0.5
27628,0.5
27629,0.5
27630,0.5
27631,0.5
27632,0.5
27633,0.5
27634,0.5
27635,0.5
27636,0.5
27637,0.5
27638,0.5
27639,0.5
27640,0.5
27641,0.5
27642,0.5
27643,0.5
27644,0.5
27645,0.5
27646,0.5
27647,0.5
27648,0.5
27649,0.5
27650,0.5
27651,0.5
27652,0.5
27653,0.5
27654,0.5
27655,0.5
27656,0.5
27657,0.5
27658,0.5
27659,0.5
27660,0.5
27661,0.5
27662,0.5
27663,0.5
27664,0.5
27665,0.5
27666,0.5
27667,0.5
27668,0.5
27669,0.5
27670,0.5
27671,0.5
27672,0.5
27673,0.5
27674,0.5
27675,0.5
27676,0.5
27677,0.5
27678,0.5
27679,0.5
27680,0.5
27681,0.5
27682,0.5
27683,0.5
27684,0.5
27685,0.5
27686,0.5
27687,0.5
27688,0.5
27689,0.5
27690,0.5
27691,0.5
27692,0.5
27693,0.5
27694,0.5
27695,0.5
27696,0.5
27697,0.5
27698,0.5
27699,0.5
27700,0.5
27701,0.5
27702,0.5
27703,0.5
27704,0.5
27705,0.5
27706,0.5
27707,0.5
27708,0.5
27709,0.5
27710,0.5
27711,0.5
27712,0.5
27713,0.5
27714,0.5
27715,0.5
27716,0.5
27717,0.5
27718,0.5
27719,0.5
27720,0.5
27721,0.5
27722,0.5
27723,0.5
27724,0.5
27725,0.5
27726,0.5
27727,0.5
27728,0.5
27729,0.5
27730,0.5
27731,0.5
27732,0.5
27733,0.5
27734,0.5
27735,0.5
27736,0.5
27737,0.5
27738,0.5
27739,0.5
27740,0.5
27741,0.5
27742,0.5
27743,0.5
27744,0.5
27745,0.5
27746,0.5
27747,0.5
27748,0.5
27749,0.5
27750,0.5
27751,0.5
27752,0.5
27753,0.5
27754,0.5
27755,0.5
27756,0.5
27757,0.5
27758,0.5
27759,0.5
27760,0.5
27761,0.5
27762,0.5
27763,0.5
27764,0.5
27765,0.5
27766,0.5
27767,0.5
27768,0.5
27769,0.5
27770,0.5
27771,0.5
27772,0.5
27773,0.5
27774,0.5
27775,0.5
27776,0.5
27777,0.5
27778,0.5
27779,0.5
27780,0.5
27781,0.5
27782,0.5
27783,0.5
27784,0.5
27785,0.5
27786,0.5
27787,0.5
27788,0.5
27789,0.5
27790,0.5
27791,0.5
27792,0.5
27793,0.5
27794,0.5
27795,0.5
27796,0.5
27797,0.5
27798,0.5
27799,0.5
27800,0.5
27801,0.5
27802,0.5
27803,0.5
27804,0.5
27805,0.5
27806,0.5
27807,0.5
27808,0.5
27809,0.5
27810,0.5
27811,0.5
27812,0.5
27813,0.5
27814,0.5
27815,0.5
27816,0.5
27817,0.5
27818,0.5
27819,0.5
27820,0.5
27821,0.5
27822,0.5
27823,0.5
27824,0.5
27825,0.5
27826,0.5
27827,0.5
27828,0.5
27829,0.5
27830,0.5
27831,0.5
27832,0.5
27833,0.5
27834,0.5
27835,0.5
27836,0.5
27837,0.5
27838,0.5
27839,0.5
27840,0.5
27841,0.5
27842,0.5
27843,0.5
27844,0.5
27845,0.5
27846,0.5
27847,0.5
27848,0.5
27849,0.5
27850,0.5
27851,0.5
27852,0.5
27853,0.5
27854,0.5
27855,0.5
27856,0.5
27857,0.5
27858,0.5
27859,0.5
27860,0.5
27861,0.5
27862,0.5
27863,0.5
27864,0.5
27865,0.5
27866,0.5
27867,0.5
27868,0.5
27869,0.5
27870,0.5
27871,0.5
27872,0.5
27873,0.5
27874,0.5
27875,0.5
27876,0.5
27877,0.5
27878,0.5
27879,0.5
27880,0.5
27881,0.5
27882,0.5
27883,0.5
27884,0.5
27885,0.5
27886,0.5
27887,0.5
27888,0.5
27889,0.5
27890,0.5
27891,0.5
27892,0.5
27893,0.5
27894,0.5
27895,0.5
27896,0.5
27897,0.5
27898,0.5
27899,0.5
27900,0.5
27901,0.5
27902,0.5
27903,0.5
27904,0.5
27905,0.5
27906,0.5
27907,0.5
27908,0.5
27909,0.5
27910,0.5
27911,0.5
27912,0.5
27913,0.5
27914,0.5
27915,0.5
27916,0.5
27917,0.5
27918,0.5
27919,0.5
27920,0.5
27921,0.5
27922,0.5
27923,0.5
27924,0.5
27925,0.5
27926,0.5
27927,0.5
27928,0.5
27929,0.5
27930,0.5
27931,0.5
27932,0.5
27933,0.5
27934,0.5
27935,0.5
27936,0.5
27937,0.5
27938,0.5
27939,0.5
27940,0.5
27941,0.5
27942,0.5
27943,0.5
27944,0.5
27945,0.5
27946,0.5
27947,0.5
27948,0.5
27949,0.5
27950,0.5
27951,0.5
27952,0.5
27953,0.5
27954,0.5
27955,0.5
27956,0.5
27957,0.5
27958,0.5
27959,0.5
27960,0.5
27961,0.5
27962,0.5
27963,0.5
27964,0.5
27965,0.5
27966,0.5
27967,0.5
27968,0.5
27969,0.5
27970,0.5
27971,0.5
27972,0.5
27973,0.5
27974,0.5
27975,0.5
27976,0.5
27977,0.5
27978,0.5
27979,0.5
27980,0.5
27981,0.5
27982,0.5
27983,0.5
27984,0.5
27985,0.5
27986,0.5
27987,0.5
27988,0.5
27989,0.5
27990,0.5
27991,0.5
27992,0.5
27993,0.5
27994,0.5
27995,0.5
27996,0.5
27997,0.5
27998,0.5
27999,0.5
28000,0.5
28001,0.5
28002,0.5
28003,0.5
28004,0.5
28005,0.5
28006,0.5
28007,0.5
28008,0.5
28009,0.5
28010,0.5
28011,0.5
28012,0.5
28013,0.5
28014,0.5
28015,0.5
28016,0.5
28017,0.5
28018,0.5
28019,0.5
28020,0.5
28021,0.5
28022,0.5
28023,0.5
28024,0.5
28025,0.5
28026,0.5
28027,0.5
28028,0.5
28029,0.5
28030,0.5
28031,0.5
28032,0.5
28033,0.5
28034,0.5
28035,0.5
28036,0.5
28037,0.5
28038,0.5
28039,0.5
28040,0.5
28041,0.5
28042,0.5
28043,0.5
28044,0.5
28045,0.5
28046,0.5
28047,0.5
28048,0.5
28049,0.5
28050,0.5
28051,0.5
28052,0.5
28053,0.5
28054,0.5
28055,0.5
28056,0.5
28057,0.5
28058,0.5
28059,0.5
28060,0.5
28061,0.5
28062,0.5
28063,0.5
28064,0.5
28065,0.5
28066,0.5
28067,0.5
28068,0.5
28069,0.5
28070,0.5
28071,0.5
28072,0.5
28073,0.5
28074,0.5
28075,0.5
28076,0.5
28077,0.5
28078,0.5
28079,0.5
28080,0.5
28081,0.5
28082,0.5
28083,0.5
28084,0.5
28085,0.5
28086,0.5
28087,0.5
28088,0.5
28089,0.5
28090,0.5
28091,0.5
28092,0.5
28093,0.5
28094,0.5
28095,0.5
28096,0.5
28097,0.5
28098,0.5
28099,0.5
28100,0.5
28101,0.5
28102,0.5
28103,0.5
28104,0.5
28105,0.5
28106,0.5
28107,0.5
28108,0.5
28109,0.5
28110,0.5
28111,0.5
28112,0.5
28113,0.5
28114,0.5
28115,0.5
28116,0.5
28117,0.5
28118,0.5
28119,0.5
28120,0.5
28121,0.5
28122,0.5
28123,0.5
28124,0.5
28125,0.5
28126,0.5
28127,0.5
28128,0.5
28129,0.5
28130,0.5
28131,0.5
28132,0.5
28133,0.5
28134,0.5
28135,0.5
28136,0.5
28137,0.5
28138,0.5
28139,0.5
28140,0.5
28141,0.5
28142,0.5
28143,0.5
28144,0.5
28145,0.5
28146,0.5
28147,0.5
28148,0.5
28149,0.5
28150,0.5
28151,0.5
28152,0.5
28153,0.5
28154,0.5
28155,0.5
28156,0.5
28157,0.5
28158,0.5
28159,0.5
28160,0.5
28161,0.5
28162,0.5
28163,0.5
28164,0.5
28165,0.5
28166,0.5
28167,0.5
28168,0.5
28169,0.5
28170,0.5
28171,0.5
28172,0.5
28173,0.5
28174,0.5
28175,0.5
28176,0.5
28177,0.5
28178,0.5
28179,0.5
28180,0.5
28181,0.5
28182,0.5
28183,0.5
28184,0.5
28185,0.5
28186,0.5
28187,0.5
28188,0.5
28189,0.5
28190,0.5
28191,0.5
28192,0.5
28193,0.5
28194,0.5
28195,0.5
28196,0.5
28197,0.5
28198,0.5
28199,0.5
28200,0.5
28201,0.5
28202,0.5
28203,0.5
28204,0.5
28205,0.5
28206,0.5
28207,0.5
28208,0.5
28209,0.5
28210,0.5
28211,0.5
28212,0.5
28213,0.5
28214,0.5
28215,0.5
28216,0.5
28217,0.5
28218,0.5
28219,0.5
28220,0.5
28221,0.5
28222,0.5
28223,0.5
28224,0.5
28225,0.5
28226,0.5
28227,0.5
28228,0.5
28229,0.5
28230,0.5
28231,0.5
28232,0.5
28233,0.5
28234,0.5
28235,0.5
28236,0.5
28237,0.5
28238,0.5
28239,0.5
28240,0.5
28241,0.5
28242,0.5
28243,0.5
28244,0.5
28245,0.5
28246,0.5
28247,0.5
28248,0.5
28249,0.5
28250,0.5
28251,0.5
28252,0.5
28253,0.5
28254,0.5
28255,0.5
28256,0.5
28257,0.5
28258,0.5
28259,0.5
28260,0.5
28261,0.5
28262,0.5
28263,0.5
28264,0.5
28265,0.5
28266,0.5
28267,0.5
28268,0.5
28269,0.5
28270,0.5
28271,0.5
28272,0.5
28273,0.5
28274,0.5
28275,0.5
28276,0.5
28277,0.5
28278,0.5
28279,0.5
28280,0.5
28281,0.5
28282,0.5
28283,0.5
28284,0.5
28285,0.5
28286,0.5
28287,0.5
28288,0.5
28289,0.5
28290,0.5
28291,0.5
28292,0.5
28293,0.5
28294,0.5
28295,0.5
28296,0.5
28297,0.5
28298,0.5
28299,0.5
28300,0.5
28301,0.5
28302,0.5
28303,0.5
28304,0.5
28305,0.5
28306,0.5
28307,0.5
28308,0.5
28309,0.5
28310,0.5
28311,0.5
28312,0.5
28313,0.5
28314,0.5
28315,0.5
28316,0.5
28317,0.5
28318,0.5
28319,0.5
28320,0.5
28321,0.5
28322,0.5
28323,0.5
28324,0.5
28325,0.5
28326,0.5
28327,0.5
28328,0.5
28329,0.5
28330,0.5
28331,0.5
28332,0.5
28333,0.5
28334,0.5
28335,0.5
28336,0.5
28337,0.5
28338,0.5
28339,0.5
28340,0.5
28341,0.5
28342,0.5
28343,0.5
28344,0.5
28345,0.5
28346,0.5
28347,0.5
28348,0.5
28349,0.5
28350,0.5
28351,0.5
28352,0.5
28353,0.5
28354,0.5
28355,0.5
28356,0.5
28357,0.5
28358,0.5
28359,0.5
28360,0.5
28361,0.5
28362,0.5
28363,0.5
28364,0.5
28365,0.5
28366,0.5
28367,0.5
28368,0.5
28369,0.5
28370,0.5
28371,0.5
28372,0.5
28373,0.5
28374,0.5
28375,0.5
28376,0.5
28377,0.5
28378,0.5
28379,0.5
28380,0.5
28381,0.5
28382,0.5
28383,0.5
28384,0.5
28385,0.5
28386,0.5
28387,0.5
28388,0.5
28389,0.5
28390,0.5
28391,0.5
28392,0.5
28393,0.5
28394,0.5
28395,0.5
28396,0.5
28397,0.5
28398,0.5
28399,0.5
28400,0.5
28401,0.5
28402,0.5
28403,0.5
28404,0.5
28405,0.5
28406,0.5
28407,0.5
28408,0.5
28409,0.5
28410,0.5
28411,0.5
28412,0.5
28413,0.5
28414,0.5
28415,0.5
28416,0.5
28417,0.5
28418,0.5
28419,0.5
28420,0.5
28421,0.5
28422,0.5
28423,0.5
28424,0.5
28425,0.5
28426,0.5
28427,0.5
28428,0.5
28429,0.5
28430,0.5
28431,0.5
28432,0.5
28433,0.5
28434,0.5
28435,0.5
28436,0.5
28437,0.5
28438,0.5
28439,0.5
28440,0.5
28441,0.5
28442,0.5
28443,0.5
28444,0.5
28445,0.5
28446,0.5
28447,0.5
28448,0.5
28449,0.5
28450,0.5
28451,0.5
28452,0.5
28453,0.5
28454,0.5
28455,0.5
28456,0.5
28457,0.5
28458,0.5
28459,0.5
28460,0.5
28461,0.5
28462,0.5
28463,0.5
28464,0.5
28465,0.5
28466,0.5
28467,0.5
28468,0.5
28469,0.5
28470,0.5
28471,0.5
28472,0.5
28473,0.5
28474,0.5
28475,0.5
28476,0.5
28477,0.5
28478,0.5
28479,0.5
28480,0.5
28481,0.5
28482,0.5
28483,0.5
28484,0.5
28485,0.5
28486,0.5
28487,0.5
28488,0.5
28489,0.5
28490,0.5
28491,0.5
28492,0.5
28493,0.5
28494,0.5
28495,0.5
28496,0.5
28497,0.5
28498,0.5
28499,0.5
28500,0.5
28501,0.5
28502,0.5
28503,0.5
28504,0.5
28505,0.5
28506,0.5
28507,0.5
28508,0.5
28509,0.5
28510,0.5
28511,0.5
28512,0.5
28513,0.5
28514,0.5
28515,0.5
28516,0.5
28517,0.5
28518,0.5
28519,0.5
28520,0.5
28521,0.5
28522,0.5
28523,0.5
28524,0.5
28525,0.5
28526,0.5
28527,0.5
28528,0.5
28529,0.5
28530,0.5
28531,0.5
28532,0.5
28533,0.5
28534,0.5
28535,0.5
28536,0.5
28537,0.5
28538,0.5
28539,0.5
28540,0.5
28541,0.5
28542,0.5
28543,0.5
28544,0.5
28545,0.5
28546,0.5
28547,0.5
28548,0.5
28549,0.5
28550,0.5
28551,0.5
28552,0.5
28553,0.5
28554,0.5
28555,0.5
28556,0.5
28557,0.5
28558,0.5
28559,0.5
28560,0.5
28561,0.5
28562,0.5
28563,0.5
28564,0.5
28565,0.5
28566,0.5
28567,0.5
28568,0.5
28569,0.5
28570,0.5
28571,0.5
28572,0.5
28573,0.5
28574,0.5
28575,0.5
28576,0.5
28577,0.5
28578,0.5
28579,0.5
28580,0.5
28581,0.5
28582,0.5
28583,0.5
28584,0.5
28585,0.5
28586,0.5
28587,0.5
28588,0.5
28589,0.5
28590,0.5
28591,0.5
28592,0.5
28593,0.5
28594,0.5
28595,0.5
28596,0.5
28597,0.5
28598,0.5
28599,0.5
28600,0.5
28601,0.5
28602,0.5
28603,0.5
28604,0.5
28605,0.5
28606,0.5
28607,0.5
28608,0.5
28609,0.5
28610,0.5
28611,0.5
28612,0.5
28613,0.5
28614,0.5
28615,0.5
28616,0.5
28617,0.5
28618,0.5
28619,0.5
28620,0.5
28621,0.5
28622,0.5
28623,0.5
28624,0.5
28625,0.5
28626,0.5
28627,0.5
28628,0.5
28629,0.5
28630,0.5
28631,0.5
28632,0.5
28633,0.5
28634,0.5
28635,0.5
28636,0.5
28637,0.5
28638,0.5
28639,0.5
28640,0.5
28641,0.5
28642,0.5
28643,0.5
28644,0.5
28645,0.5
28646,0.5
28647,0.5
28648,0.5
28649,0.5
28650,0.5
28651,0.5
28652,0.5
28653,0.5
28654,0.5
28655,0.5
28656,0.5
28657,0.5
28658,0.5
28659,0.5
28660,0.5
28661,0.5
28662,0.5
28663,0.5
28664,0.5
28665,0.5
28666,0.5
28667,0.5
28668,0.5
28669,0.5
28670,0.5
28671,0.5
28672,0.5
28673,0.5
28674,0.5
28675,0.5
28676,0.5
28677,0.5
28678,0.5
28679,0.5
28680,0.5
28681,0.5
28682,0.5
28683,0.5
28684,0.5
28685,0.5
28686,0.5
28687,0.5
28688,0.5
28689,0.5
28690,0.5
28691,0.5
28692,0.5
28693,0.5
28694,0.5
28695,0.5
28696,0.5
28697,0.5
28698,0.5
28699,0.5
28700,0.5
28701,0.5
28702,0.5
28703,0.5
28704,0.5
28705,0.5
28706,0.5
28707,0.5
28708,0.5
28709,0.5
28710,0.5
28711,0.5
28712,0.5
28713,0.5
28714,0.5
28715,0.5
28716,0.5
28717,0.5
28718,0.5
28719,0.5
28720,0.5
28721,0.5
28722,0.5
28723,0.5
28724,0.5
28725,0.5
28726,0.5
28727,0.5
28728,0.5
28729,0.5
28730,0.5
28731,0.5
28732,0.5
28733,0.5
28734,0.5
28735,0.5
28736,0.5
28737,0.5
28738,0.5
28739,0.5
28740,0.5
28741,0.5
28742,0.5
28743,0.5
28744,0.5
28745,0.5
28746,0.5
28747,0.5
28748,0.5
28749,0.5
28750,0.5
28751,0.5
28752,0.5
28753,0.5
28754,0.5
28755,0.5
28756,0.5
28757,0.5
28758,0.5
28759,0.5
28760,0.5
28761,0.5
28762,0.5
28763,0.5
28764,0.5
28765,0.5
28766,0.5
28767,0.5
28768,0.5
28769,0.5
28770,0.5
28771,0.5
28772,0.5
28773,0.5
28774,0.5
28775,0.5
28776,0.5
28777,0.5
28778,0.5
28779,0.5
28780,0.5
28781,0.5
28782,0.5
28783,0.5
28784,0.5
28785,0.5
28786,0.5
28787,0.5
28788,0.5
28789,0.5
28790,0.5
28791,0.5
28792,0.5
28793,0.5
28794,0.5
28795,0.5
28796,0.5
28797,0.5
28798,0.5
28799,0.5
28800,0.5
28801,0.5
28802,0.5
28803,0.5
28804,0.5
28805,0.5
28806,0.5
28807,0.5
28808,0.5
28809,0.5
28810,0.5
28811,0.5
28812,0.5
28813,0.5
28814,0.5
28815,0.5
28816,0.5
28817,0.5
28818,0.5
28819,0.5
28820,0.5
28821,0.5
28822,0.5
28823,0.5
28824,0.5
28825,0.5
28826,0.5
28827,0.5
28828,0.5
28829,0.5
28830,0.5
28831,0.5
28832,0.5
28833,0.5
28834,0.5
28835,0.5
28836,0.5
28837,0.5
28838,0.5
28839,0.5
28840,0.5
28841,0.5
28842,0.5
28843,0.5
28844,0.5
28845,0.5
28846,0.5
28847,0.5
28848,0.5
28849,0.5
28850,0.5
28851,0.5
28852,0.5
28853,0.5
28854,0.5
28855,0.5
28856,0.5
28857,0.5
28858,0.5
28859,0.5
28860,0.5
28861,0.5
28862,0.5
28863,0.5
28864,0.5
28865,0.5
28866,0.5
28867,0.5
28868,0.5
28869,0.5
28870,0.5
28871,0.5
28872,0.5
28873,0.5
28874,0.5
28875,0.5
28876,0.5
28877,0.5
28878,0.5
28879,0.5
28880,0.5
28881,0.5
28882,0.5
28883,0.5
28884,0.5
28885,0.5
28886,0.5
28887,0.5
28888,0.5
28889,0.5
28890,0.5
28891,0.5
28892,0.5
28893,0.5
28894,0.5
28895,0.5
28896,0.5
28897,0.5
28898,0.5
28899,0.5
28900,0.5
28901,0.5
28902,0.5
28903,0.5
28904,0.5
28905,0.5
28906,0.5
28907,0.5
28908,0.5
28909,0.5
28910,0.5
28911,0.5
28912,0.5
28913,0.5
28914,0.5
28915,0.5
28916,0.5
28917,0.5
28918,0.5
28919,0.5
28920,0.5
28921,0.5
28922,0.5
28923,0.5
28924,0.5
28925,0.5
28926,0.5
28927,0.5
28928,0.5
28929,0.5
28930,0.5
28931,0.5
28932,0.5
28933,0.5
28934,0.5
28935,0.5
28936,0.5
28937,0.5
28938,0.5
28939,0.5
28940,0.5
28941,0.5
28942,0.5
28943,0.5
28944,0.5
28945,0.5
28946,0.5
28947,0.5
28948,0.5
28949,0.5
28950,0.5
28951,0.5
28952,0.5
28953,0.5
28954,0.5
28955,0.5
28956,0.5
28957,0.5
28958,0.5
28959,0.5
28960,0.5
28961,0.5
28962,0.5
28963,0.5
28964,0.5
28965,0.5
28966,0.5
28967,0.5
28968,0.5
28969,0.5
28970,0.5
28971,0.5
28972,0.5
28973,0.5
28974,0.5
28975,0.5
28976,0.5
28977,0.5
28978,0.5
28979,0.5
28980,0.5
28981,0.5
28982,0.5
28983,0.5
28984,0.5
28985,0.5
28986,0.5
28987,0.5
28988,0.5
28989,0.5
28990,0.5
28991,0.5
28992,0.5
28993,0.5
28994,0.5
28995,0.5
28996,0.5
28997,0.5
28998,0.5
28999,0.5
29000,0.5
29001,0.5
29002,0.5
29003,0.5
29004,0.5
29005,0.5
29006,0.5
29007,0.5
29008,0.5
29009,0.5
29010,0.5
29011,0.5
29012,0.5
29013,0.5
29014,0.5
29015,0.5
29016,0.5
29017,0.5
29018,0.5
29019,0.5
29020,0.5
29021,0.5
29022,0.5
29023,0.5
29024,0.5
29025,0.5
29026,0.5
29027,0.5
29028,0.5
29029,0.5
29030,0.5
29031,0.5
29032,0.5
29033,0.5
29034,0.5
29035,0.5
29036,0.5
29037,0.5
29038,0.5
29039,0.5
29040,0.5
29041,0.5
29042,0.5
29043,0.5
29044,0.5
29045,0.5
29046,0.5
29047,0.5
29048,0.5
29049,0.5
29050,0.5
29051,0.5
29052,0.5
29053,0.5
29054,0.5
29055,0.5
29056,0.5
29057,0.5
29058,0.5
29059,0.5
29060,0.5
29061,0.5
29062,0.5
29063,0.5
29064,0.5
29065,0.5
29066,0.5
29067,0.5
29068,0.5
29069,0.5
29070,0.5
29071,0.5
29072,0.5
29073,0.5
29074,0.5
29075,0.5
29076,0.5
29077,0.5
29078,0.5
29079,0.5
29080,0.5
29081,0.5
29082,0.5
29083,0.5
29084,0.5
29085,0.5
29086,0.5
29087,0.5
29088,0.5
29089,0.5
29090,0.5
29091,0.5
29092,0.5
29093,0.5
29094,0.5
29095,0.5
29096,0.5
29097,0.5
29098,0.5
29099,0.5
29100,0.5
29101,0.5
29102,0.5
29103,0.5
29104,0.5
29105,0.5
29106,0.5
29107,0.5
29108,0.5
29109,0.5
29110,0.5
29111,0.5
29112,0.5
29113,0.5
29114,0.5
29115,0.5
29116,0.5
29117,0.5
29118,0.5
29119,0.5
29120,0.5
29121,0.5
29122,0.5
29123,0.5
29124,0.5
29125,0.5
29126,0.5
29127,0.5
29128,0.5
29129,0.5
29130,0.5
29131,0.5
29132,0.5
29133,0.5
29134,0.5
29135,0.5
29136,0.5
29137,0.5
29138,0.5
29139,0.5
29140,0.5
29141,0.5
29142,0.5
29143,0.5
29144,0.5
29145,0.5
29146,0.5
29147,0.5
29148,0.5
29149,0.5
29150,0.5
29151,0.5
29152,0.5
29153,0.5
29154,0.5
29155,0.5
29156,0.5
29157,0.5
29158,0.5
29159,0.5
29160,0.5
29161,0.5
29162,0.5
29163,0.5
29164,0.5
29165,0.5
29166,0.5
29167,0.5
29168,0.5
29169,0.5
29170,0.5
29171,0.5
29172,0.5
29173,0.5
29174,0.5
29175,0.5
29176,0.5
29177,0.5
29178,0.5
29179,0.5
29180,0.5
29181,0.5
29182,0.5
29183,0.5
29184,0.5
29185,0.5
29186,0.5
29187,0.5
29188,0.5
29189,0.5
29190,0.5
29191,0.5
29192,0.5
29193,0.5
29194,0.5
29195,0.5
29196,0.5
29197,0.5
29198,0.5
29199,0.5
29200,0.5
29201,0.5
29202,0.5
29203,0.5
29204,0.5
29205,0.5
29206,0.5
29207,0.5
29208,0.5
29209,0.5
29210,0.5
29211,0.5
29212,0.5
29213,0.5
29214,0.5
29215,0.5
29216,0.5
29217,0.5
29218,0.5
29219,0.5
29220,0.5
29221,0.5
29222,0.5
29223,0.5
29224,0.5
29225,0.5
29226,0.5
29227,0.5
29228,0.5
29229,0.5
29230,0.5
29231,0.5
29232,0.5
29233,0.5
29234,0.5
29235,0.5
29236,0.5
29237,0.5
29238,0.5
29239,0.5
29240,0.5
29241,0.5
29242,0.5
29243,0.5
29244,0.5
29245,0.5
29246,0.5
29247,0.5
29248,0.5
29249,0.5
29250,0.5
29251,0.5
29252,0.5
29253,0.5
29254,0.5
29255,0.5
29256,0.5
29257,0.5
29258,0.5
29259,0.5
29260,0.5
29261,0.5
29262,0.5
29263,0.5
29264,0.5
29265,0.5
29266,0.5
29267,0.5
29268,0.5
29269,0.5
29270,0.5
29271,0.5
29272,0.5
29273,0.5
29274,0.5
29275,0.5
29276,0.5
29277,0.5
29278,0.5
29279,0.5
29280,0.5
29281,0.5
29282,0.5
29283,0.5
29284,0.5
29285,0.5
29286,0.5
29287,0.5
29288,0.5
29289,0.5
29290,0.5
29291,0.5
29292,0.5
29293,0.5
29294,0.5
29295,0.5
29296,0.5
29297,0.5
29298,0.5
29299,0.5
29300,0.5
29301,0.5
29302,0.5
29303,0.5
29304,0.5
29305,0.5
29306,0.5
29307,0.5
29308,0.5
29309,0.5
29310,0.5
29311,0.5
29312,0.5
29313,0.5
29314,0.5
29315,0.5
29316,0.5
29317,0.5
29318,0.5
29319,0.5
29320,0.5
29321,0.5
29322,0.5
29323,0.5
29324,0.5
29325,0.5
29326,0.5
29327,0.5
29328,0.5
29329,0.5
29330,0.5
29331,0.5
29332,0.5
29333,0.5
29334,0.5
29335,0.5
29336,0.5
29337,0.5
29338,0.5
29339,0.5
29340,0.5
29341,0.5
29342,0.5
29343,0.5
29344,0.5
29345,0.5
29346,0.5
29347,0.5
29348,0.5
29349,0.5
29350,0.5
29351,0.5
29352,0.5
29353,0.5
29354,0.5
29355,0.5
29356,0.5
29357,0.5
29358,0.5
29359,0.5
29360,0.5
29361,0.5
29362,0.5
29363,0.5
29364,0.5
29365,0.5
29366,0.5
29367,0.5
29368,0.5
29369,0.5
29370,0.5
29371,0.5
29372,0.5
29373,0.5
29374,0.5
29375,0.5
29376,0.5
29377,0.5
29378,0.5
29379,0.5
29380,0.5
29381,0.5
29382,0.5
29383,0.5
29384,0.5
29385,0.5
29386,0.5
29387,0.5
29388,0.5
29389,0.5
29390,0.5
29391,0.5
29392,0.5
29393,0.5
29394,0.5
29395,0.5
29396,0.5
29397,0.5
29398,0.5
29399,0.5
29400,0.5
29401,0.5
29402,0.5
29403,0.5
29404,0.5
29405,0.5
29406,0.5
29407,0.5
29408,0.5
29409,0.5
29410,0.5
29411,0.5
29412,0.5
29413,0.5
29414,0.5
29415,0.5
29416,0.5
29417,0.5
29418,0.5
29419,0.5
29420,0.5
29421,0.5
29422,0.5
29423,0.5
29424,0.5
29425,0.5
29426,0.5
29427,0.5
29428,0.5
29429,0.5
29430,0.5
29431,0.5
29432,0.5
29433,0.5
29434,0.5
29435,0.5
29436,0.5
29437,0.5
29438,0.5
29439,0.5
29440,0.5
29441,0.5
29442,0.5
29443,0.5
29444,0.5
29445,0.5
29446,0.5
29447,0.5
29448,0.5
29449,0.5
29450,0.5
29451,0.5
29452,0.5
29453,0.5
29454,0.5
29455,0.5
29456,0.5
29457,0.5
29458,0.5
29459,0.5
29460,0.5
29461,0.5
29462,0.5
29463,0.5
29464,0.5
29465,0.5
29466,0.5
29467,0.5
29468,0.5
29469,0.5
29470,0.5
29471,0.5
29472,0.5
29473,0.5
29474,0.5
29475,0.5
29476,0.5
29477,0.5
29478,0.5
29479,0.5
29480,0.5
29481,0.5
29482,0.5
29483,0.5
29484,0.5
29485,0.5
29486,0.5
29487,0.5
29488,0.5
29489,0.5
29490,0.5
29491,0.5
29492,0.5
29493,0.5
29494,0.5
29495,0.5
29496,0.5
29497,0.5
29498,0.5
29499,0.5
29500,0.5
29501,0.5
29502,0.5
29503,0.5
29504,0.5
29505,0.5
29506,0.5
29507,0.5
29508,0.5
29509,0.5
29510,0.5
29511,0.5
29512,0.5
29513,0.5
29514,0.5
29515,0.5
29516,0.5
29517,0.5
29518,0.5
29519,0.5
29520,0.5
29521,0.5
29522,0.5
29523,0.5
29524,0.5
29525,0.5
29526,0.5
29527,0.5
29528,0.5
29529,0.5
29530,0.5
29531,0.5
29532,0.5
29533,0.5
29534,0.5
29535,0.5
29536,0.5
29537,0.5
29538,0.5
29539,0.5
29540,0.5
29541,0.5
29542,0.5
29543,0.5
29544,0.5
29545,0.5
29546,0.5
29547,0.5
29548,0.5
29549,0.5
29550,0.5
29551,0.5
29552,0.5
29553,0.5
29554,0.5
29555,0.5
29556,0.5
29557,0.5
29558,0.5
29559,0.5
29560,0.5
29561,0.5
29562,0.5
29563,0.5
29564,0.5
29565,0.5
29566,0.5
29567,0.5
29568,0.5
29569,0.5
29570,0.5
29571,0.5
29572,0.5
29573,0.5
29574,0.5
29575,0.5
29576,0.5
29577,0.5
29578,0.5
29579,0.5
29580,0.5
29581,0.5
29582,0.5
29583,0.5
29584,0.5
29585,0.5
29586,0.5
29587,0.5
29588,0.5
29589,0.5
29590,0.5
29591,0.5
29592,0.5
29593,0.5
29594,0.5
29595,0.5
29596,0.5
29597,0.5
29598,0.5
29599,0.5
29600,0.5
29601,0.5
29602,0.5
29603,0.5
29604,0.5
29605,0.5
29606,0.5
29607,0.5
29608,0.5
29609,0.5
29610,0.5
29611,0.5
29612,0.5
29613,0.5
29614,0.5
29615,0.5
29616,0.5
29617,0.5
29618,0.5
29619,0.5
29620,0.5
29621,0.5
29622,0.5
29623,0.5
29624,0.5
29625,0.5
29626,0.5
29627,0.5
29628,0.5
29629,0.5
29630,0.5
29631,0.5
29632,0.5
29633,0.5
29634,0.5
29635,0.5
29636,0.5
29637,0.5
29638,0.5
29639,0.5
29640,0.5
29641,0.5
29642,0.5
29643,0.5
29644,0.5
29645,0.5
29646,0.5
29647,0.5
29648,0.5
29649,0.5
29650,0.5
29651,0.5
29652,0.5
29653,0.5
29654,0.5
29655,0.5
29656,0.5
29657,0.5
29658,0.5
29659,0.5
29660,0.5
29661,0.5
29662,0.5
29663,0.5
29664,0.5
29665,0.5
29666,0.5
29667,0.5
29668,0.5
29669,0.5
29670,0.5
29671,0.5
29672,0.5
29673,0.5
29674,0.5
29675,0.5
29676,0.5
29677,0.5
29678,0.5
29679,0.5
29680,0.5
29681,0.5
29682,0.5
29683,0.5
29684,0.5
29685,0.5
29686,0.5
29687,0.5
29688,0.5
29689,0.5
29690,0.5
29691,0.5
29692,0.5
29693,0.5
29694,0.5
29695,0.5
29696,0.5
29697,0.5
29698,0.5
29699,0.5
29700,0.5
29701,0.5
29702,0.5
29703,0.5
29704,0.5
29705,0.5
29706,0.5
29707,0.5
29708,0.5
29709,0.5
29710,0.5
29711,0.5
29712,0.5
29713,0.5
29714,0.5
29715,0.5
29716,0.5
29717,0.5
29718,0.5
29719,0.5
29720,0.5
29721,0.5
29722,0.5
29723,0.5
29724,0.5
29725,0.5
29726,0.5
29727,0.5
29728,0.5
29729,0.5
29730,0.5
29731,0.5
29732,0.5
29733,0.5
29734,0.5
29735,0.5
29736,0.5
29737,0.5
29738,0.5
29739,0.5
29740,0.5
29741,0.5
29742,0.5
29743,0.5
29744,0.5
29745,0.5
29746,0.5
29747,0.5
29748,0.5
29749,0.5
29750,0.5
29751,0.5
29752,0.5
29753,0.5
29754,0.5
29755,0.5
29756,0.5
29757,0.5
29758,0.5
29759,0.5
29760,0.5
29761,0.5
29762,0.5
29763,0.5
29764,0.5
29765,0.5
29766,0.5
29767,0.5
29768,0.5
29769,0.5
29770,0.5
29771,0.5
29772,0.5
29773,0.5
29774,0.5
29775,0.5
29776,0.5
29777,0.5
29778,0.5
29779,0.5
29780,0.5
29781,0.5
29782,0.5
29783,0.5
29784,0.5
29785,0.5
29786,0.5
29787,0.5
29788,0.5
29789,0.5
29790,0.5
29791,0.5
29792,0.5
29793,0.5
29794,0.5
29795,0.5
29796,0.5
29797,0.5
29798,0.5
29799,0.5
29800,0.5
29801,0.5
29802,0.5
29803,0.5
29804,0.5
29805,0.5
29806,0.5
29807,0.5
29808,0.5
29809,0.5
29810,0.5
29811,0.5
29812,0.5
29813,0.5
29814,0.5
29815,0.5
29816,0.5
29817,0.5
29818,0.5
29819,0.5
29820,0.5
29821,0.5
29822,0.5
29823,0.5
29824,0.5
29825,0.5
29826,0.5
29827,0.5
29828,0.5
29829,0.5
29830,0.5
29831,0.5
29832,0.5
29833,0.5
29834,0.5
29835,0.5
29836,0.5
29837,0.5
29838,0.5
29839,0.5
29840,0.5
29841,0.5
29842,0.5
29843,0.5
29844,0.5
29845,0.5
29846,0.5
29847,0.5
29848,0.5
29849,0.5
29850,0.5
29851,0.5
29852,0.5
29853,0.5
29854,0.5
29855,0.5
29856,0.5
29857,0.5
29858,0.5
29859,0.5
29860,0.5
29861,0.5
29862,0.5
29863,0.5
29864,0.5
29865,0.5
29866,0.5
29867,0.5
29868,0.5
29869,0.5
29870,0.5
29871,0.5
29872,0.5
29873,0.5
29874,0.5
29875,0.5
29876,0.5
29877,0.5
29878,0.5
29879,0.5
29880,0.5
29881,0.5
29882,0.5
29883,0.5
29884,0.5
29885,0.5
29886,0.5
29887,0.5
29888,0.5
29889,0.5
29890,0.5
29891,0.5
29892,0.5
29893,0.5
29894,0.5
29895,0.5
29896,0.5
29897,0.5
29898,0.5
29899,0.5
29900,0.5
29901,0.5
29902,0.5
29903,0.5
29904,0.5
29905,0.5
29906,0.5
29907,0.5
29908,0.5
29909,0.5
29910,0.5
29911,0.5
29912,0.5
29913,0.5
29914,0.5
29915,0.5
29916,0.5
29917,0.5
29918,0.5
29919,0.5
29920,0.5
29921,0.5
29922,0.5
29923,0.5
29924,0.5
29925,0.5
29926,0.5
29927,0.5
29928,0.5
29929,0.5
29930,0.5
29931,0.5
29932,0.5
29933,0.5
29934,0.5
29935,0.5
29936,0.5
29937,0.5
29938,0.5
29939,0.5
29940,0.5
29941,0.5
29942,0.5
29943,0.5
29944,0.5
29945,0.5
29946,0.5
29947,0.5
29948,0.5
29949,0.5
29950,0.5
29951,0.5
29952,0.5
29953,0.5
29954,0.5
29955,0.5
29956,0.5
29957,0.5
29958,0.5
29959,0.5
29960,0.5
29961,0.5
29962,0.5
29963,0.5
29964,0.5
29965,0.5
29966,0.5
29967,0.5
29968,0.5
29969,0.5
29970,0.5
29971,0.5
29972,0.5
29973,0.5
29974,0.5
29975,0.5
29976,0.5
29977,0.5
29978,0.5
29979,0.5
29980,0.5
29981,0.5
29982,0.5
29983,0.5
29984,0.5
29985,0.5
29986,0.5
29987,0.5
29988,0.5
29989,0.5
29990,0.5
29991,0.5
29992,0.5
29993,0.5
29994,0.5
29995,0.5
29996,0.5
29997,0.5
29998,0.5
29999,0.5
30000,0.5
